ParticipantID,Cohort,RowIn85,RowInCohort
sub-001,behavior,1,1
sub-002,behavior,2,2
sub-003,behavior,3,3
sub-004,behavior,4,4
sub-005,behavior,5,5
sub-006,behavior,6,6
sub-007,behavior,7,7
sub-008,behavior,8,8
sub-009,behavior,9,9
sub-010,behavior,10,10
sub-011,behavior,11,11
sub-012,behavior,12,12
sub-013,behavior,13,13
sub-014,behavior,14,14
sub-015,behavior,15,15
sub-016,behavior,16,16
sub-017,behavior,17,17
sub-018,behavior,18,18
sub-019,behavior,19,19
sub-020,behavior,20,20
sub-021,behavior,21,21
sub-022,behavior,22,22
sub-023,behavior,23,23
sub-024,behavior,24,24
sub-025,behavior,25,25
sub-026,behavior,26,26
sub-027,behavior,27,27
sub-028,behavior,28,28
sub-029,behavior,29,29
sub-030,behavior,30,30
sub-031,behavior,31,31
sub-032,behavior,32,32
sub-033,behavior,33,33
sub-034,behavior,34,34
sub-035,behavior,35,35
sub-036,behavior,36,36
sub-037,behavior,37,37
sub-038,MEG,38,1
sub-039,MEG,39,2
sub-040,MEG,40,3
sub-041,MEG,41,4
sub-042,MEG,42,5
sub-043,MEG,43,6
sub-044,MEG,44,7
sub-045,MEG,45,8
sub-046,MEG,46,9
sub-047,MEG,47,10
sub-048,MEG,48,11
sub-049,MEG,49,12
sub-050,MEG,50,13
sub-051,MEG,51,14
sub-052,MEG,52,15
sub-053,MEG,53,16
sub-054,MEG,54,17
sub-055,MEG,55,18
sub-056,MEG,56,19
sub-057,fMRS,57,1
sub-058,fMRS,58,2
sub-059,fMRS,59,3
sub-060,fMRS,60,4
sub-061,fMRS,61,5
sub-062,fMRS,62,6
sub-063,fMRS,63,7
sub-064,fMRS,64,8
sub-065,fMRS,65,9
sub-066,fMRS,66,10
sub-067,fMRS,67,11
sub-068,fMRS,68,12
sub-069,fMRS,69,13
sub-070,fMRS,70,14
sub-071,fMRS,71,15
sub-072,fMRS,72,16
sub-073,fMRS,73,17
sub-074,fMRS,74,18
sub-075,fMRS,75,19
sub-076,fMRS,76,20
sub-077,fMRS,77,21
sub-078,fMRS,78,22
sub-079,fMRS,79,23
sub-080,fMRS,80,24
sub-081,fMRS,81,25
sub-082,fMRS,82,26
sub-083,fMRS,83,27
sub-084,fMRS,84,28
sub-085,fMRS,85,29
